{
  "catalytic_activity_OOD": {
    "task": "catalytic_activity_OOD",
    "n": 1987,
    "bleu2": 34.979908667397844,
    "bleu4": 26.79253271369133,
    "meta_bleu2": 31.525940284616283,
    "meta_bleu4": 26.651505458335496,
    "meteor": 49.907361586903505,
    "meta_meteor": 41.82060646756447,
    "rouge1": 48.94792326242878,
    "rouge2": 29.077058277254974,
    "rougeL": 45.89140260114139,
    "exact_match": 0.0020130850528434826
  },
  "domain_motif_OOD": {
    "task": "domain_motif_OOD",
    "n": 2732,
    "bleu2": 14.542349029760135,
    "bleu4": 10.135130839523935,
    "meta_bleu2": 35.12511278958181,
    "meta_bleu4": 28.708895575079403,
    "meteor": 38.68556811022758,
    "meta_meteor": 37.521492158563284,
    "rouge1": 33.06879209341895,
    "rouge2": 17.96596621284981,
    "rougeL": 29.205509139842757,
    "exact_match": 0.0010980966325036604
  },
  "general_function_OOD": {
    "task": "general_function_OOD",
    "n": 4297,
    "bleu2": 20.070904830705345,
    "bleu4": 14.37698478253004,
    "meta_bleu2": 24.149047294634695,
    "meta_bleu4": 18.340831611298313,
    "meteor": 35.94474954810817,
    "meta_meteor": 35.98388778405366,
    "rouge1": 33.6973018916641,
    "rouge2": 19.325711736788207,
    "rougeL": 28.337421249508736,
    "exact_match": 0.00046544100535257155
  },
  "protein_function_OOD": {
    "task": "protein_function_OOD",
    "n": 5487,
    "bleu2": 22.057875163303002,
    "bleu4": 15.492578849414482,
    "meta_bleu2": 51.4255892318387,
    "meta_bleu4": 42.20530188368575,
    "meteor": 45.37626465849486,
    "meta_meteor": 51.711529890276154,
    "rouge1": 36.438462652341045,
    "rouge2": 18.874467314828898,
    "rougeL": 27.56024603558701,
    "exact_match": 0.00018224895206852561
  }
}