{
  "catalytic_activity_OOD": {
    "task": "catalytic_activity_OOD",
    "n": 1987,
    "bleu2": 31.008308689385583,
    "bleu4": 22.420695410352206,
    "meta_bleu2": 31.2850286390359,
    "meta_bleu4": 25.805046205068006,
    "meteor": 46.77134352760592,
    "meta_meteor": 40.427844433517826,
    "rouge1": 45.07228099175416,
    "rouge2": 24.171045148104888,
    "rougeL": 41.256582085350594,
    "exact_match": 0.0005032712632108706
  },
  "domain_motif_OOD": {
    "task": "domain_motif_OOD",
    "n": 2732,
    "bleu2": 10.959381793659986,
    "bleu4": 6.5746108828313155,
    "meta_bleu2": 23.27627531531598,
    "meta_bleu4": 17.79462202121572,
    "meteor": 32.0298260617767,
    "meta_meteor": 32.03244437817166,
    "rouge1": 26.961312502571754,
    "rouge2": 11.427507456583957,
    "rougeL": 22.0686825415068,
    "exact_match": 0.0
  },
  "general_function_OOD": {
    "task": "general_function_OOD",
    "n": 4297,
    "bleu2": 20.851654457397288,
    "bleu4": 12.987889211021944,
    "meta_bleu2": 8.866883097437322,
    "meta_bleu4": 5.87588659253243,
    "meteor": 29.473856472058777,
    "meta_meteor": 27.845559468990878,
    "rouge1": 32.71661063211553,
    "rouge2": 15.289461645893548,
    "rougeL": 25.990454955412794,
    "exact_match": 0.0
  },
  "protein_function_OOD": {
    "task": "protein_function_OOD",
    "n": 5487,
    "bleu2": 21.860572282122785,
    "bleu4": 13.238028561938744,
    "meta_bleu2": 33.01739845109785,
    "meta_bleu4": 24.50150400190691,
    "meteor": 40.938119182549535,
    "meta_meteor": 42.22770211982791,
    "rouge1": 36.242979308055176,
    "rouge2": 15.24306809512608,
    "rougeL": 25.98677419800116,
    "exact_match": 0.00018224895206852561
  }
}