{
  "catalytic_activity_OOD": {
    "task": "catalytic_activity_OOD",
    "n": 1987,
    "bleu2": 36.82202980124209,
    "bleu4": 27.561187480848947,
    "meta_bleu2": 26.957450990832005,
    "meta_bleu4": 22.491948378815195,
    "meteor": 48.69027511085021,
    "meta_meteor": 39.374840551548864,
    "rouge1": 49.62693326547379,
    "rouge2": 28.347864064537575,
    "rougeL": 46.688947153858734,
    "exact_match": 0.003019627579265224
  },
  "domain_motif_OOD": {
    "task": "domain_motif_OOD",
    "n": 2732,
    "bleu2": 17.102544791727972,
    "bleu4": 11.618652537081017,
    "meta_bleu2": 19.233099667020472,
    "meta_bleu4": 15.23022317608714,
    "meteor": 38.44874390095691,
    "meta_meteor": 30.161751687091883,
    "rouge1": 34.965116367050925,
    "rouge2": 18.931372297772768,
    "rougeL": 30.943903547650336,
    "exact_match": 0.0007320644216691069
  },
  "general_function_OOD": {
    "task": "general_function_OOD",
    "n": 4297,
    "bleu2": 24.06566035722722,
    "bleu4": 15.912304654783846,
    "meta_bleu2": 9.536819077888644,
    "meta_bleu4": 6.608927849526955,
    "meteor": 33.083909051795416,
    "meta_meteor": 28.76570610904049,
    "rouge1": 36.00847284836639,
    "rouge2": 19.674116013388826,
    "rougeL": 30.63597849011063,
    "exact_match": 0.0
  },
  "protein_function_OOD": {
    "task": "protein_function_OOD",
    "n": 5487,
    "bleu2": 24.02371641926664,
    "bleu4": 15.232069631870793,
    "meta_bleu2": 33.51353256568373,
    "meta_bleu4": 25.708614426748667,
    "meteor": 42.5916501200571,
    "meta_meteor": 43.393780306293664,
    "rouge1": 38.3165084981558,
    "rouge2": 17.520437677161198,
    "rougeL": 28.359031757473076,
    "exact_match": 0.00018224895206852561
  }
}